Age,Weight (Kg),Height (cms),Genero,Diagnosis,Heart Rate,oxygen saturation,Respiratory Rate,Systolic Blood Pressure,"Diastolic Blood Pressure, ",Mean Blood Pressure,Hour event in Minutes,Prediction
-0.5195481312226193,-0.7633143089293993,-0.729189198695041,-1.7615302543170595,0.12755128832290785,0.23232025924218033,0.2329485206239541,-0.19574187960594372,-1.3354777912491158,-1.267781124796751,-1.3660231514498116,-1.5246788638258315,Survived
